{"cameraMode":{"drawMode":0,"name":"Shaded","section":"Shading Mode"},"sceneLighting":false,"audioPlay":false,"sceneViewState":{"showFog":true,"showMaterialUpdate":false,"showSkybox":true,"showFlares":true,"showImageEffects":true,"showParticleSystems":true},"in2DMode":false,"pivot":{"x":1.05241858959198,"y":-2.3347535133361818,"z":9.769633293151856},"rotation":{"x":0.14643216133117677,"y":0.022850535809993745,"z":-0.003383395029231906,"w":0.9889510869979858},"size":9.116815567016602,"orthographic":false}