{"cameraMode":{"drawMode":0,"name":"Shaded","section":"Shading Mode"},"sceneLighting":true,"audioPlay":false,"sceneViewState":{"showFog":false,"showMaterialUpdate":false,"showSkybox":false,"showFlares":false,"showImageEffects":false,"showParticleSystems":false},"in2DMode":false,"pivot":{"x":5.257809162139893,"y":-16.693927764892579,"z":6.008490085601807},"rotation":{"x":-0.13047495484352113,"y":0.8476832509040833,"z":-0.24449826776981355,"w":-0.4523610770702362},"size":59.69873046875,"orthographic":false}